tool_long_description,tool,NUMBER_OF_SAMPLES,nb_of_found_PanVar,recall_PVR,recall_AvgAR
pandora_illumina_withdenovo_global_genotyping,pandora with denovo,2,31227.000000000004,0.4929203958895677,0.6845985067323326
snippy_NC_011993.1,snippy,2,19445.0,0.30694069549020536,0.3492999321241969
snippy_NC_022648.1,snippy,2,21229.0,0.3351012612271313,0.41353727644393934
snippy_CP010121.1,snippy,2,18914.000000000004,0.29855882306514503,0.35568499313349433
snippy_NZ_LM995446.1,snippy,2,15115.0,0.2385913403103345,0.2785117835551136
snippy_NZ_LT632320.1,snippy,2,21026.0,0.3318968919196224,0.40818613755110417
snippy_NZ_CP018109.1,snippy,2,17363.0,0.2740761787501381,0.33707439503717385
snippy_NC_017646.1,snippy,2,21978.0,0.3469242790169058,0.4188015974491326
snippy_CP018206.1,snippy,2,18709.0,0.29532288361667536,0.3628750927372891
snippy_NZ_CP011134.1,snippy,2,18522.0,0.2923710754368518,0.3667897902164133
snippy_NZ_CP008697.1,snippy,2,21292.0,0.3360957206673928,0.412455999116036
snippy_CP010230.1,snippy,2,16060.999999999998,0.2535240169847358,0.2949992896718284
snippy_NC_010498.1,snippy,2,21202.0,0.3346750643241622,0.4042556550014996
snippy_NZ_CP015228.1,snippy,2,18991.0,0.29977427349213115,0.3752348029233951
snippy_NZ_CP009859.1,snippy,2,22000.0,0.3472715505674733,0.4307430032675096
snippy_NZ_HG941718.1,snippy,2,21301.0,0.33623778630171586,0.4112326561538097
snippy_CU928163.2,snippy,2,21356.0,0.3371059651781345,0.4058578396552541
snippy_NC_011742.1,snippy,2,22640.0,0.3573739956748907,0.4343577844075074
snippy_CP010171.1,snippy,2,17106.0,0.2700194156366908,0.31563037678963235
snippy_NC_007779.1,snippy,2,15474.000000000005,0.2442581806127765,0.2863885337248031
snippy_NZ_CP016007.1,snippy,2,21691.0,0.3423939637890483,0.3947767201780556
snippy_NZ_CP013483.1,snippy,2,16578.000000000004,0.2616848984230715,0.3216918438540828
snippy_CP010116.1,snippy,2,17217.0,0.2717715584600085,0.3324020141749933
snippy_CP010226.1,snippy,2,15409.0,0.24323215103155435,0.28289214061340784
snippy_CP010170.1,snippy,2,16480.0,0.26013796151599816,0.2994191094063235
samtools_NC_011993.1,samtools,2,20847.0,0.3290713643036416,0.3636485611908257
samtools_NC_022648.1,samtools,2,23872.0,0.3768212025066692,0.43904595034016825
samtools_CP010121.1,samtools,2,21180.000000000004,0.3343277927735948,0.3779024798345725
samtools_NZ_LM995446.1,samtools,2,16320.0,0.2576123502391438,0.2918501681110006
samtools_NZ_LT632320.1,samtools,2,23742.0,0.374769143344225,0.4341683635617433
samtools_NZ_CP018109.1,samtools,2,19495.0,0.30772994901422235,0.36091774399772697
samtools_NC_017646.1,samtools,2,24125.000000000004,0.3808148253381952,0.4398904516108664
samtools_CP018206.1,samtools,2,21653.0,0.34179413111079543,0.39331660115862416
samtools_NZ_CP011134.1,samtools,2,21274.000000000004,0.3358115893987467,0.3943031680636454
samtools_NZ_CP008697.1,samtools,2,23693.0,0.3739956748906884,0.4360388944136636
samtools_CP010230.1,samtools,2,17549.0,0.2770122018594813,0.3106975422645262
samtools_NC_010498.1,samtools,2,23450.0,0.3701599027639658,0.4272150400151537
samtools_NZ_CP015228.1,samtools,2,21922.000000000004,0.3460403150700068,0.4040741266909757
samtools_NZ_CP009859.1,samtools,2,25132.0,0.3967103913118972,0.4617054190146959
samtools_NZ_HG941718.1,samtools,2,23973.0,0.3784154946251835,0.4370017837129643
samtools_CU928163.2,samtools,2,23772.0,0.3752426954586352,0.4284936307240612
samtools_NC_011742.1,samtools,2,25466.0,0.40198260485233067,0.4617606667613771
samtools_CP010171.1,samtools,2,18640.0,0.2942337137535319,0.3327729633312813
samtools_NC_007779.1,samtools,2,16793.0,0.2650786885763445,0.3010449716657985
samtools_NZ_CP016007.1,samtools,2,23273.0,0.3673659452889457,0.4103329071364304
samtools_NZ_CP013483.1,samtools,2,18345.0,0.2895771179618317,0.3406654985714511
samtools_CP010116.1,samtools,2,19550.0,0.308598127890641,0.3557007782039747
samtools_CP010226.1,samtools,2,16814.0,0.2654101750564316,0.2991270856024372
samtools_CP010170.1,samtools,2,17871.0,0.28209499455415066,0.31478587551893417
pandora_illumina_withdenovo_global_genotyping,pandora with denovo,3,25212.000000000004,0.5917337526697491,0.7526384553399599
snippy_NC_011993.1,snippy,3,15332.999999999998,0.3598704438237848,0.3977124259706921
snippy_NC_022648.1,snippy,3,19275.000000000004,0.4523904522731007,0.5182325283013048
snippy_CP010121.1,snippy,3,13910.999999999995,0.3264956462553101,0.3766517238951216
snippy_NZ_LM995446.1,snippy,3,12797.0,0.3003497077944939,0.3376675194216797
snippy_NZ_LT632320.1,snippy,3,19225.0,0.4512169361841951,0.5152283271137054
snippy_NZ_CP018109.1,snippy,3,13374.000000000005,0.3138920834604643,0.3712222561237801
snippy_NC_017646.1,snippy,3,16346.000000000002,0.3836458797850119,0.4473052158878501
snippy_CP018206.1,snippy,3,14150.0,0.33210505316027883,0.38963863527901066
snippy_NZ_CP011134.1,snippy,3,14272.999999999998,0.3349919027389865,0.4001611628761939
snippy_NZ_CP008697.1,snippy,3,16102.0,0.3779191212711526,0.4417192793046585
snippy_CP010230.1,snippy,3,13207.0,0.3099725397235196,0.34768152338034497
snippy_NC_010498.1,snippy,3,18913.0,0.4438941957894243,0.5030628769920532
snippy_NZ_CP015228.1,snippy,3,14551.0,0.3415166521933016,0.4038851205983293
snippy_NZ_CP009859.1,snippy,3,16781.0,0.3938554697584904,0.4619585201179828
snippy_NZ_HG941718.1,snippy,3,19442.0,0.4563099960100453,0.5185611128061991
snippy_CU928163.2,snippy,3,17620.0,0.413547069730326,0.4723636961062743
snippy_NC_011742.1,snippy,3,17215.0,0.4040415894101908,0.4693594949186886
snippy_CP010171.1,snippy,3,13799.999999999995,0.3238904405379397,0.3610987239968279
snippy_NC_007779.1,snippy,3,13047.000000000002,0.3062172882390218,0.3442705032819214
snippy_NZ_CP016007.1,snippy,3,19559.0,0.4590560236580843,0.5068728925606993
snippy_NZ_CP013483.1,snippy,3,13801.0,0.3239139108597179,0.3811814959982928
snippy_CP010116.1,snippy,3,12885.0,0.3024150961109677,0.3570148880074307
snippy_CP010226.1,snippy,3,12463.0,0.2925106203206046,0.32813074533917524
snippy_CP010170.1,snippy,3,13234.0,0.3106062384115286,0.3456396053856464
samtools_NC_011993.1,samtools,3,16359.999999999998,0.3839744642899054,0.4132497789878039
samtools_NC_022648.1,samtools,3,21022.0,0.4933931044194616,0.54190625953483
samtools_CP010121.1,samtools,3,15324.0,0.3596592109277818,0.3966797318124511
samtools_NZ_LM995446.1,samtools,3,13711.0,0.3218015818996878,0.35154630303313955
samtools_NZ_LT632320.1,samtools,3,21096.0,0.4951299082310418,0.5405762746340689
samtools_NZ_CP018109.1,samtools,3,14788.999999999998,0.3471025887764921,0.3916257891895577
samtools_NC_017646.1,samtools,3,17980.0,0.42199638557044616,0.4694924934087575
samtools_CP018206.1,samtools,3,15997.0,0.3754547374844509,0.4155576939626509
samtools_NZ_CP011134.1,samtools,3,16105.0,0.37798953223648696,0.42471894289670337
samtools_NZ_CP008697.1,samtools,3,17717.999999999996,0.4158471612645809,0.463241564375187
samtools_CP010230.1,samtools,3,14205.0,0.33339592085807496,0.3626008245906309
samtools_NC_010498.1,samtools,3,20633.0,0.4842631492477762,0.5269947817651367
samtools_NZ_CP015228.1,samtools,3,16223.999999999998,0.3807825005280822,0.4264009826241379
samtools_NZ_CP009859.1,samtools,3,18854.0,0.4425094468045157,0.4896300294943754
samtools_NZ_HG941718.1,samtools,3,21245.0,0.4986269861759805,0.5432988319603299
samtools_CU928163.2,samtools,3,19428.000000000004,0.4559814115051518,0.496358188404105
samtools_NC_011742.1,samtools,3,18970.0,0.4452320041307766,0.4927828760532464
samtools_CP010171.1,samtools,3,14840.0,0.3482995751871758,0.37729324602372794
samtools_NC_007779.1,samtools,3,14006.0,0.3287253268242308,0.35885339654672505
samtools_NZ_CP016007.1,samtools,3,20788.0,0.4879010491233835,0.5257195609485208
samtools_NZ_CP013483.1,samtools,3,15090.0,0.3541671556317037,0.3987451201289193
samtools_CP010116.1,samtools,3,14414.0,0.33830121810970026,0.37832594018196
samtools_CP010226.1,samtools,3,13481.0,0.3164034078907222,0.34411403447007144
samtools_CP010170.1,samtools,3,14317.000000000005,0.3360245968972235,0.3621235947144769
pandora_illumina_withdenovo_global_genotyping,pandora with denovo,4,19187.0,0.6415340377156613,0.7788467968436539
snippy_NC_011993.1,snippy,4,11968.999999999998,0.4001939280460077,0.4375835896750033
snippy_NC_022648.1,snippy,4,12988.0,0.4342650795773706,0.5030343052026214
snippy_CP010121.1,snippy,4,11667.000000000002,0.3900962953056039,0.44325096964023
snippy_NZ_LM995446.1,snippy,4,9647.0,0.3225558379029022,0.358950782399358
snippy_NZ_LT632320.1,snippy,4,13004.0,0.43480005349739204,0.4982947706299318
snippy_NZ_CP018109.1,snippy,4,10274.0,0.3435201283937408,0.3988899291159556
snippy_NC_017646.1,snippy,4,13825.0,0.46225090276849,0.5234218269359369
snippy_CP018206.1,snippy,4,11929.0,0.39885649324595424,0.4626688511435068
snippy_NZ_CP011134.1,snippy,4,10995.999999999998,0.3676608265347064,0.43070415942222817
snippy_NZ_CP008697.1,snippy,4,12232.0,0.4089875618563595,0.4707854085863314
snippy_CP010230.1,snippy,4,11098.000000000002,0.3710712852748429,0.413125250769025
snippy_NC_010498.1,snippy,4,12442.000000000002,0.4160090945566404,0.4708188444563328
snippy_NZ_CP015228.1,snippy,4,11668.0,0.3901297311756052,0.4508827069680353
snippy_NZ_CP009859.1,snippy,4,13441.000000000002,0.4494115286879765,0.515873679283135
snippy_NZ_HG941718.1,snippy,4,13182.0,0.4407516383576301,0.5013039989300522
snippy_CU928163.2,snippy,4,12995.000000000002,0.43449913066738,0.4918082118496723
snippy_NC_011742.1,snippy,4,13936.999999999998,0.4659957202086398,0.5244834158084793
snippy_CP010171.1,snippy,4,11307.000000000002,0.3780593821051224,0.4152818643841113
snippy_NC_007779.1,snippy,4,9833.0,0.328774909723151,0.36555436672462216
snippy_NZ_CP016007.1,snippy,4,13228.999999999998,0.4423231242476929,0.4854553965494182
snippy_NZ_CP013483.1,snippy,4,9967.0,0.3332553163033302,0.38576635014043065
snippy_CP010116.1,snippy,4,10759.0,0.35973652534438944,0.4214089875618564
snippy_CP010226.1,snippy,4,9023.0,0.3016918550220677,0.3360304935134412
snippy_CP010170.1,snippy,4,9721.999999999998,0.3250635281530025,0.3603383710044135
samtools_NC_011993.1,samtools,4,12715.0,0.4251370870670055,0.4523037314430922
samtools_NC_022648.1,samtools,4,14553.0,0.4865922161294637,0.5282198742811288
samtools_CP010121.1,samtools,4,12883.0,0.4307543132272302,0.46457469573358295
samtools_NZ_LM995446.1,samtools,4,10381.0,0.3470977664838839,0.3731025143774241
samtools_NZ_LT632320.1,samtools,4,14502.999999999998,0.4849204226293968,0.5242159288484687
samtools_NZ_CP018109.1,samtools,4,11385.0,0.3806673799652267,0.4200966296643039
samtools_NC_017646.1,samtools,4,15002.0,0.5016049217600642,0.5439180152467568
samtools_CP018206.1,samtools,4,13367.0,0.4469372743078775,0.4876120101645045
samtools_NZ_CP011134.1,samtools,4,12407.0,0.4148388391065935,0.4554717801257189
samtools_NZ_CP008697.1,samtools,4,13392.0,0.4477731710579109,0.4929533903972181
samtools_CP010230.1,samtools,4,12004.0,0.40136418349605457,0.4312725692122509
samtools_NC_010498.1,samtools,4,13579.0,0.454025678748161,0.49200046810218
samtools_NZ_CP015228.1,samtools,4,13040.0,0.43600374481744014,0.4777567874816103
samtools_NZ_CP009859.1,samtools,4,14941.0,0.4995653336899826,0.5431071953992243
samtools_NZ_HG941718.1,samtools,4,14656.000000000002,0.4900361107396015,0.5269409522535776
samtools_CU928163.2,samtools,4,14327.0,0.4790357095091614,0.5140597833355623
samtools_NC_011742.1,samtools,4,15174.0,0.5073558914002942,0.5465928848468637
samtools_CP010171.1,samtools,4,12093.0,0.4043399759261736,0.4316821586197673
samtools_NC_007779.1,samtools,4,10590.0,0.3540858633141634,0.3802410726227096
samtools_NZ_CP016007.1,samtools,4,14067.000000000002,0.4703423833088137,0.5025160492176006
samtools_NZ_CP013483.1,samtools,4,10922.0,0.3651865721546075,0.4041895145111676
samtools_CP010116.1,samtools,4,12101.999999999998,0.4046408987561856,0.44415373813026615
samtools_CP010226.1,samtools,4,9770.000000000002,0.3266684499130668,0.35291560786411663
samtools_CP010170.1,samtools,4,10626.0,0.3552895546342116,0.3784438946101378
pandora_illumina_withdenovo_global_genotyping,pandora with denovo,5,15882.0,0.6527475237351527,0.7742961653856728
snippy_NC_011993.1,snippy,5,9013.0,0.37043278122559703,0.4037647445645474
snippy_NC_022648.1,snippy,5,10803.000000000002,0.4440014795939337,0.4986560355102458
snippy_CP010121.1,snippy,5,10156.000000000002,0.4174098886194567,0.4625457235625309
snippy_NZ_LM995446.1,snippy,5,8055.000000000001,0.3310591426575151,0.3694463852698216
snippy_NZ_LT632320.1,snippy,5,10768.0,0.4425629854917595,0.4950145904401699
snippy_NZ_CP018109.1,snippy,5,8683.0,0.35686983683366896,0.4123135095146105
snippy_NC_017646.1,snippy,5,11317.999999999998,0.4651678928116394,0.5187374131766006
snippy_CP018206.1,snippy,5,9975.0,0.4099708191196416,0.4740783362788121
snippy_NZ_CP011134.1,snippy,5,9232.0,0.3794336443220583,0.43749126628580415
snippy_NZ_CP008697.1,snippy,5,10621.0,0.4365213102626279,0.4926061403148208
snippy_CP010230.1,snippy,5,9432.999999999998,0.3876947104516871,0.4257531544120621
snippy_NC_010498.1,snippy,5,10854.0,0.4460975709999589,0.4932555176523732
snippy_NZ_CP015228.1,snippy,5,9338.0,0.3837902264600715,0.4428260244132955
snippy_NZ_CP009859.1,snippy,5,11725.0,0.4818955242283507,0.5428383543627371
snippy_NZ_HG941718.1,snippy,5,10885.0,0.4473716657761703,0.4969298425876365
snippy_CU928163.2,snippy,5,10944.0,0.4497965558341211,0.5027166988615281
snippy_NC_011742.1,snippy,5,10931.0,0.4492622580247421,0.5011877851300771
snippy_CP010171.1,snippy,5,9757.0,0.401011055854671,0.43754880604989016
snippy_NC_007779.1,snippy,5,8235.000000000002,0.3384571123258395,0.3775101722082948
snippy_NZ_CP016007.1,snippy,5,10355.0,0.42558875508610416,0.4654391516994757
snippy_NZ_CP013483.1,snippy,5,8546.0,0.3512391599194443,0.402868768238051
snippy_CP010116.1,snippy,5,9244.0,0.37992684229994655,0.4388393407587019
snippy_CP010226.1,snippy,5,8202.999999999998,0.3371419177181373,0.3725535325305176
snippy_CP010170.1,snippy,5,8962.999999999998,0.3683777896510624,0.4022193909004953
samtools_NC_011993.1,samtools,5,9593.0,0.3942706834901977,0.4192100612387488
samtools_NC_022648.1,samtools,5,11733.0,0.4822243228802762,0.5183017549627985
samtools_CP010121.1,samtools,5,11015.999999999998,0.4527557437014508,0.4832024988697529
samtools_NZ_LM995446.1,samtools,5,8673.0,0.3564588385187621,0.3833463482799729
samtools_NZ_LT632320.1,samtools,5,11793.999999999998,0.4847314126012083,0.5160330442645139
samtools_NZ_CP018109.1,samtools,5,9635.0,0.3959968764128067,0.4323044675516813
samtools_NC_017646.1,samtools,5,12264.0,0.5040483334018331,0.5400353458550791
samtools_CP018206.1,samtools,5,11157.000000000002,0.4585508199416383,0.4949323907771906
samtools_NZ_CP011134.1,samtools,5,10287.000000000002,0.4227939665447372,0.457498664255475
samtools_NZ_CP008697.1,samtools,5,11565.0,0.4753195511898401,0.5128108174756442
samtools_CP010230.1,samtools,5,10145.999999999998,0.4169988903045497,0.4414779499404041
samtools_NC_010498.1,samtools,5,11725.0,0.4818955242283507,0.5138136533640157
samtools_NZ_CP015228.1,samtools,5,10608.0,0.43598701245324895,0.4683325798364206
samtools_NZ_CP009859.1,samtools,5,12937.000000000002,0.5317085199950681,0.5669064156836892
samtools_NZ_HG941718.1,samtools,5,11854.0,0.4871974024906498,0.5172578192429366
samtools_CU928163.2,samtools,5,11959.0,0.4915128847971723,0.5245407093830877
samtools_NC_011742.1,samtools,5,11996.0,0.4930335785623279,0.5250339073609773
samtools_CP010171.1,samtools,5,10362.0,0.425876453906539,0.4505527927335508
samtools_NC_007779.1,samtools,5,8869.0,0.3645144054909375,0.39177181373556536
samtools_NZ_CP016007.1,samtools,5,11029.0,0.4532900415108298,0.4840327154658639
samtools_NZ_CP013483.1,samtools,5,9325.0,0.3832559286506925,0.4189799021824029
samtools_CP010116.1,samtools,5,10235.999999999998,0.4206978751387119,0.4564054087378224
samtools_CP010226.1,samtools,5,9082.0,0.37326866959845467,0.397016152233776
samtools_CP010170.1,samtools,5,9613.0,0.3950926801200115,0.4166700916526242
pandora_illumina_withdenovo_global_genotyping,pandora with denovo,6,25605.0,0.7277248827625409,0.8456207664250326
snippy_NC_011993.1,snippy,6,23462.0,0.6668182464118232,0.6864762446118091
snippy_NC_022648.1,snippy,6,24272.0,0.6898394202074748,0.7212969541944828
snippy_CP010121.1,snippy,6,24696.0,0.7018900099474208,0.7287196248401192
snippy_NZ_LM995446.1,snippy,6,23184.000000000004,0.6589171521955379,0.6815546397612524
snippy_NZ_LT632320.1,snippy,6,24274.0,0.6898962626119085,0.7196153663966532
snippy_NZ_CP018109.1,snippy,6,23680.0,0.6730140684950974,0.7044242338117385
snippy_NC_017646.1,snippy,6,26670.0,0.7579934631234901,0.7895078395149301
snippy_CP018206.1,snippy,6,25872.0,0.7353133437544408,0.7674624603287269
snippy_NZ_CP011134.1,snippy,6,24964.0,0.7095068921415376,0.7399696840509498
snippy_NZ_CP008697.1,snippy,6,25718.0,0.7309364786130453,0.762550329212243
snippy_CP010230.1,snippy,6,24082.0,0.6844393917862726,0.7056984510444719
snippy_NC_010498.1,snippy,6,24992.0,0.7103026858036094,0.7386528350149094
snippy_NZ_CP015228.1,snippy,6,24903.0,0.7077731988063095,0.7398323149069079
snippy_NZ_CP009859.1,snippy,6,25827.0,0.7340343896546824,0.7679029889630841
snippy_NZ_HG941718.1,snippy,6,24429.0,0.6943015489555208,0.7223532755435443
snippy_CU928163.2,snippy,6,25955.0,0.7376723035384397,0.7663066647719016
snippy_NC_011742.1,snippy,6,25317.000000000004,0.7195395765240871,0.7478660414002055
snippy_CP010171.1,snippy,6,23683.0,0.6730993321017479,0.6936857562408145
snippy_NC_007779.1,snippy,6,23344.0,0.6634645445502345,0.6864478234095869
snippy_NZ_CP016007.1,snippy,6,23823.0,0.6770783004121075,0.7010894794183072
snippy_NZ_CP013483.1,snippy,6,23862.0,0.6781867272985648,0.7068779309364633
snippy_CP010116.1,snippy,6,24576.0,0.6984794656813983,0.7294727866988654
snippy_CP010226.1,snippy,6,22563.0,0.6412675856188716,0.6607645303396285
snippy_CP010170.1,snippy,6,23594.0,0.670569845104448,0.6895836293875152
samtools_NC_011993.1,samtools,6,23976.0,0.681426744351286,0.6959926104874207
samtools_NC_022648.1,samtools,6,25139.0,0.714480602529487,0.7342759698735147
samtools_CP010121.1,samtools,6,25364.0,0.7208753730282791,0.7387238880204543
samtools_NZ_LM995446.1,samtools,6,23712.0,0.6739235469660366,0.689332575434602
samtools_NZ_LT632320.1,samtools,6,25219.0,0.7167542987068353,0.7336033347543838
samtools_NZ_CP018109.1,samtools,6,24476.0,0.6956373454597129,0.7161527165932317
samtools_NC_017646.1,samtools,6,27555.0,0.7831462270854057,0.8025626450665441
samtools_CP018206.1,samtools,6,26786.0,0.7612903225806451,0.7798209464260248
samtools_NZ_CP011134.1,samtools,6,25745.0,0.7317038510729004,0.7504428970678657
samtools_NZ_CP008697.1,samtools,6,26545.0,0.7544408128463834,0.7751267111932045
samtools_CP010230.1,samtools,6,24657.0,0.7007815830609635,0.7142863909810001
samtools_NC_010498.1,samtools,6,25867.0,0.7351712377433566,0.7524181706219445
samtools_NZ_CP015228.1,samtools,6,25869.0,0.7352280801477903,0.7533892283643498
samtools_NZ_CP009859.1,samtools,6,26894.0,0.7643598124200653,0.7829851736061657
samtools_NZ_HG941718.1,samtools,6,25304.0,0.7191701008952679,0.7357917673250822
samtools_CU928163.2,samtools,6,26814.0,0.762086116242717,0.7785751503955171
samtools_NC_011742.1,samtools,6,26215.0,0.7450618161148217,0.7625976978826119
samtools_CP010171.1,samtools,6,24209.0,0.6880488844678129,0.701743167069294
samtools_NC_007779.1,samtools,6,23891.0,0.6790109421628535,0.6944010231632743
samtools_NZ_CP016007.1,samtools,6,24478.0,0.6956941878641466,0.7124674340391222
samtools_NZ_CP013483.1,samtools,6,24544.0,0.6975699872104589,0.7162095589976681
samtools_CP010116.1,samtools,6,25336.0,0.7200795793662071,0.7391359954526007
samtools_CP010226.1,samtools,6,23050.0,0.6551087110984795,0.6696603666335033
samtools_CP010170.1,samtools,6,24138.0,0.6860309791104163,0.6984368338780671
pandora_illumina_withdenovo_global_genotyping,pandora with denovo,7,19580.0,0.7373376012050461,0.8347472899910929
snippy_NC_011993.1,snippy,7,16605.0,0.6253059687441159,0.6455335287946833
snippy_NC_022648.1,snippy,7,17849.0,0.6721521370739973,0.7041880732711022
snippy_CP010121.1,snippy,7,18863.0,0.7103370363396724,0.7384996099739058
snippy_NZ_LM995446.1,snippy,7,16877.0,0.6355488608548296,0.6572127928557966
snippy_NZ_LT632320.1,snippy,7,17803.0,0.6704198832611561,0.7027624606611586
snippy_NZ_CP018109.1,snippy,7,17401.0,0.6552814912445867,0.6876294483148161
snippy_NC_017646.1,snippy,7,19933.0,0.7506307663340237,0.7833983376818917
snippy_CP018206.1,snippy,7,19695.0,0.7416682357371494,0.7735266428167871
snippy_NZ_CP011134.1,snippy,7,18294.0,0.6889098098286575,0.7214944723888388
snippy_NZ_CP008697.1,snippy,7,20937.0,0.7884390886838637,0.8192054227075717
snippy_CP010230.1,snippy,7,17501.0,0.6590472604029373,0.6817010517255276
snippy_NC_010498.1,snippy,7,19855.0,0.7476934663905103,0.7755009817898058
snippy_NZ_CP015228.1,snippy,7,18426.0,0.6938806251176803,0.7277564085321523
snippy_NZ_CP009859.1,snippy,7,21224.0,0.7992468461683299,0.8327890900287668
snippy_NZ_HG941718.1,snippy,7,17996.0,0.6776878177367728,0.707792452322668
snippy_CU928163.2,snippy,7,20006.0,0.7533797778196196,0.7829841030744806
snippy_NC_011742.1,snippy,7,17878.0,0.6732442101299191,0.7024665787987082
snippy_CP010171.1,snippy,7,17170.0,0.6465825644887968,0.6667993651989121
snippy_NC_007779.1,snippy,7,16944.0,0.6380719261909245,0.6597197191812118
snippy_NZ_CP016007.1,snippy,7,16945.0,0.6381095838825079,0.6621674691341393
snippy_NZ_CP013483.1,snippy,7,16982.0,0.6395029184710977,0.6681658014363733
snippy_CP010116.1,snippy,7,18797.0,0.7078516286951609,0.7374398149393387
snippy_CP010226.1,snippy,7,16673.0,0.6278666917717944,0.648675256206795
snippy_CP010170.1,snippy,7,17004.0,0.6403313876859349,0.6582994862414931
samtools_NC_011993.1,samtools,7,17017.0,0.6408209376765204,0.6536622105064933
samtools_NC_022648.1,samtools,7,18607.0,0.7006966672942948,0.7183258466255927
samtools_CP010121.1,samtools,7,19436.0,0.7319148936170212,0.7489738279043481
samtools_NZ_LM995446.1,samtools,7,17337.0,0.6528713989832423,0.667106006401804
samtools_NZ_LT632320.1,samtools,7,18721.0,0.7049896441348146,0.7196492455012444
samtools_NZ_CP018109.1,samtools,7,18119.0,0.682319713801544,0.7013476073916625
samtools_NC_017646.1,samtools,7,20689.0,0.7790999811711542,0.7956855044785652
samtools_CP018206.1,samtools,7,20388.0,0.767765016004519,0.7857008365387148
samtools_NZ_CP011134.1,samtools,7,19049.0,0.7173413669742045,0.7350727600398026
samtools_NZ_CP008697.1,samtools,7,21577.0,0.8125400112973075,0.8308255103961991
samtools_CP010230.1,samtools,7,18020.0,0.6785916023347769,0.6926271619549705
samtools_NC_010498.1,samtools,7,20522.0,0.7728111466767087,0.7888533232912722
samtools_NZ_CP015228.1,samtools,7,19256.0,0.7251365091319902,0.7439007988810253
samtools_NZ_CP009859.1,samtools,7,22007.0,0.828732818678215,0.8461199128493292
samtools_NZ_HG941718.1,samtools,7,18827.0,0.7089813594426662,0.7232482448825805
samtools_CU928163.2,samtools,7,20738.0,0.780945208058746,0.7957877182128696
samtools_NC_011742.1,samtools,7,18603.0,0.7005460365279609,0.7164375823761904
samtools_CP010171.1,samtools,7,17689.0,0.6661269064206364,0.6782526831105246
samtools_NC_007779.1,samtools,7,17407.0,0.6555074373940878,0.6696990074508393
samtools_NZ_CP016007.1,samtools,7,17366.0,0.6539634720391639,0.6713451865400604
samtools_NZ_CP013483.1,samtools,7,17564.0,0.6614196949726981,0.6793393764962206
samtools_CP010116.1,samtools,7,19350.0,0.7286763321408398,0.7473007504639937
samtools_CP010226.1,samtools,7,17161.0,0.6462436452645453,0.6583748016246597
samtools_CP010170.1,samtools,7,17430.0,0.6563735643005084,0.6681066250638821
pandora_illumina_withdenovo_global_genotyping,pandora with denovo,8,17862.0,0.7645422248855027,0.8318655566494029
snippy_NC_011993.1,snippy,8,15460.0,0.6617300860334717,0.6790919402473997
snippy_NC_022648.1,snippy,8,16921.0,0.7242648632453024,0.7548099559131961
snippy_CP010121.1,snippy,8,16371.0,0.700723366006078,0.7232108462098189
snippy_NZ_LM995446.1,snippy,8,15355.0,0.6572358001968925,0.6761760047939049
snippy_NZ_LT632320.1,snippy,8,16902.0,0.7234516115224928,0.7540716089543295
snippy_NZ_CP018109.1,snippy,8,17032.0,0.7290159654154004,0.7568056328382485
snippy_NC_017646.1,snippy,8,17169.0,0.7348799383640799,0.7667091126995677
snippy_CP018206.1,snippy,8,17658.0,0.7558104695458631,0.7863769635748834
snippy_NZ_CP011134.1,snippy,8,17585.0,0.7526858708213843,0.7816954158284467
snippy_NZ_CP008697.1,snippy,8,18752.0,0.8026366476907931,0.8290512776612593
snippy_CP010230.1,snippy,8,16797.0,0.7189573256859136,0.7385663228181313
snippy_NC_010498.1,snippy,8,17712.0,0.7581218165475324,0.7797478919659291
snippy_NZ_CP015228.1,snippy,8,17800.0,0.7618884561058084,0.79395839575397
snippy_NZ_CP009859.1,snippy,8,18608.0,0.7964730556863416,0.8280454136883105
snippy_NZ_HG941718.1,snippy,8,17023.0,0.7286307409151223,0.7558639729486796
snippy_CU928163.2,snippy,8,17305.0,0.7407011085905063,0.7707111672302358
snippy_NC_011742.1,snippy,8,16788.0,0.7185721011856354,0.7406636562085349
snippy_CP010171.1,snippy,8,16183.0,0.6926764542224886,0.7104609853186663
snippy_NC_007779.1,snippy,8,15546.0,0.6654111201472414,0.6843566750845353
snippy_NZ_CP016007.1,snippy,8,15640.0,0.6694345760390361,0.6889526173864657
snippy_NZ_CP013483.1,snippy,8,16175.0,0.6923340324444635,0.7155919616487608
snippy_CP010116.1,snippy,8,16581.0,0.7097119376792363,0.7344198090998587
snippy_CP010226.1,snippy,8,15075.000000000002,0.6452510379660147,0.6637257629585241
snippy_CP010170.1,snippy,8,15537.0,0.6650258956469631,0.6780165218507898
samtools_NC_011993.1,samtools,8,15828.0,0.6774814878226255,0.689054273851817
samtools_NC_022648.1,samtools,8,17523.0,0.7500321020416898,0.7660403201643624
samtools_CP010121.1,samtools,8,16797.0,0.7189573256859136,0.7326969995291701
samtools_NZ_LM995446.1,samtools,8,15770.999999999998,0.6750417326541968,0.6843513247442538
samtools_NZ_LT632320.1,samtools,8,17588.0,0.7528142789881437,0.7670515344775928
samtools_NZ_CP018109.1,samtools,8,17585.0,0.7526858708213843,0.7667091126995677
samtools_NC_017646.1,samtools,8,17902.0,0.7662543337756281,0.7800582117022643
samtools_CP018206.1,samtools,8,18245.0,0.7809356675084536,0.7969064332491547
samtools_NZ_CP011134.1,samtools,8,18184.0,0.7783247014510123,0.7934447630869323
samtools_NZ_CP008697.1,samtools,8,19284.0,0.8254076959294611,0.8402976929332705
samtools_CP010230.1,samtools,8,17188.0,0.7356931900868895,0.7470466121645337
samtools_NC_010498.1,samtools,8,18244.0,0.7808928647862003,0.7916202970508924
samtools_NZ_CP015228.1,samtools,8,18479.0,0.7909515045156872,0.8075803621110302
samtools_NZ_CP009859.1,samtools,8,19275.000000000004,0.8250224714291831,0.8410039378504472
samtools_NZ_HG941718.1,samtools,8,17605.0,0.7535419252664469,0.7678273338184308
samtools_CU928163.2,samtools,8,18027.0,0.7716046740572701,0.7838569533022299
samtools_NC_011742.1,samtools,8,17430.0,0.7460514488721482,0.7551416770106579
samtools_CP010171.1,samtools,8,16600.0,0.7105251894020459,0.7196689209433721
samtools_NC_007779.1,samtools,8,15967.0,0.6834310662158113,0.6926711038822069
samtools_NZ_CP016007.1,samtools,8,16039.0,0.6865128622180371,0.7000706244917176
samtools_NZ_CP013483.1,samtools,8,16654.0,0.7128365364037152,0.7254098360655737
samtools_CP010116.1,samtools,8,17007.0,0.727945897359072,0.7427128365364037
samtools_CP010226.1,samtools,8,15448.0,0.6612164533664341,0.6711573856097248
samtools_CP010170.1,samtools,8,15901.0,0.6806060865471044,0.6866573214056414
pandora_illumina_withdenovo_global_genotyping,pandora with denovo,9,14723.0,0.7907513829958644,0.8349535420806242
snippy_NC_011993.1,snippy,9,12017.0,0.645415972930877,0.6624714300207031
snippy_NC_022648.1,snippy,9,13324.000000000002,0.7156130834094205,0.7413275566774543
snippy_CP010121.1,snippy,9,12029.0,0.6460604758579945,0.6674185867482951
snippy_NZ_LM995446.1,snippy,9,12068.0,0.6481551103711263,0.6671798819604747
snippy_NZ_LT632320.1,snippy,9,13370.000000000002,0.7180836779633708,0.7432670330785035
snippy_NZ_CP018109.1,snippy,9,13215.0,0.7097588484881036,0.7363386266119891
snippy_NC_017646.1,snippy,9,12604.0,0.6769429077823729,0.7082908140429901
snippy_CP018206.1,snippy,9,13151.0,0.7063214995434771,0.7357060589242648
snippy_NZ_CP011134.1,snippy,9,13787.0,0.7404801546807025,0.7757249166024985
snippy_NZ_CP008697.1,snippy,9,14238.0,0.7647027230248671,0.7891520609174462
snippy_CP010230.1,snippy,9,12491.0,0.6708738385520168,0.6902327968443136
snippy_NC_010498.1,snippy,9,13368.999999999998,0.7180299693861109,0.7400027451050466
snippy_NZ_CP015228.1,snippy,9,13433.0,0.7214673183307374,0.7513412225265523
snippy_NZ_CP009859.1,snippy,9,14179.0,0.7615339169665396,0.7871946816573108
snippy_NZ_HG941718.1,snippy,9,13436.0,0.7216284440625168,0.7441144350752691
snippy_CU928163.2,snippy,9,12507.0,0.6717331757881734,0.6998167940753354
snippy_NC_011742.1,snippy,9,13356.0,0.7173317578817338,0.7380692363236933
snippy_CP010171.1,snippy,9,11914.0,0.6398839894731189,0.6581270028823526
snippy_NC_007779.1,snippy,9,12169.0,0.6535796766743649,0.6723359053774142
snippy_NZ_CP016007.1,snippy,9,12251.0,0.6579837800096675,0.6780946583836038
snippy_NZ_CP013483.1,snippy,9,12559.0,0.6745260218056823,0.6993871254572575
snippy_CP010116.1,snippy,9,12517.0,0.6722702615607713,0.7005269408191036
snippy_CP010226.1,snippy,9,11619.0,0.6240399591814813,0.6406597800335296
snippy_CP010170.1,snippy,9,12091.0,0.6493904076481014,0.6630085157932979
samtools_NC_011993.1,samtools,9,12350.0,0.6633009291583866,0.6740187741315588
samtools_NC_022648.1,samtools,9,13812.0,0.7418228691121972,0.7535492418139075
samtools_CP010121.1,samtools,9,12346.0,0.6630860948493474,0.6765908182203312
samtools_NZ_LM995446.1,samtools,9,12378.0,0.6648047693216607,0.67568374002661
samtools_NZ_LT632320.1,samtools,9,13910.0,0.7470863096836565,0.756401764028372
samtools_NZ_CP018109.1,samtools,9,13617.0,0.7313496965465385,0.7466089001080036
samtools_NC_017646.1,samtools,9,13222.0,0.7101348085289221,0.7226668098895312
samtools_CP018206.1,samtools,9,13650.0,0.7331220795961115,0.7463164867429255
samtools_NZ_CP011134.1,samtools,9,14442.0,0.7756592727858639,0.7892594780719697
samtools_NZ_CP008697.1,samtools,9,14708.0,0.7899457543369676,0.802125666135537
samtools_CP010230.1,samtools,9,12805.0,0.6877383318115903,0.7001509807782932
samtools_NC_010498.1,samtools,9,13833.0,0.7429507492346528,0.7545637371621479
samtools_NZ_CP015228.1,samtools,9,14058.0,0.7550351791181051,0.7669525156500699
samtools_NZ_CP009859.1,samtools,9,14703.0,0.7896772114506687,0.8012006850827308
samtools_NZ_HG941718.1,samtools,9,13902.999999999998,0.7467103496428379,0.7565927278586297
samtools_CU928163.2,samtools,9,13139.0,0.7056769966163596,0.7150401919186429
samtools_NC_011742.1,samtools,9,13907.999999999998,0.7469788925291369,0.7553932362998261
samtools_CP010171.1,samtools,9,12233.0,0.6570170256189913,0.6679616401405927
samtools_NC_007779.1,samtools,9,12478.0,0.6701756270476396,0.6808636339223318
samtools_NZ_CP016007.1,samtools,9,12643.0,0.6790375422955046,0.691211486474384
samtools_NZ_CP013483.1,samtools,9,12942.0,0.6950964068961814,0.7090128960261546
samtools_CP010116.1,samtools,9,12913.0,0.6935388581556474,0.7095261113199691
samtools_CP010226.1,samtools,9,11897.0,0.6389709436597024,0.6487638075800651
samtools_CP010170.1,samtools,9,12391.0,0.6655029808260379,0.6723717110955909
pandora_illumina_withdenovo_global_genotyping,pandora with denovo,10,16807.0,0.8148848484848484,0.8562327272727249
snippy_NC_011993.1,snippy,10,13986.0,0.6781090909090909,0.6899490909090853
snippy_NC_022648.1,snippy,10,15219.999999999998,0.7379393939393939,0.7565624242424114
snippy_CP010121.1,snippy,10,15950.0,0.7733333333333333,0.7861769696969655
snippy_NZ_LM995446.1,snippy,10,14206.0,0.6887757575757576,0.7016727272727222
snippy_NZ_LT632320.1,snippy,10,15081.0,0.7312,0.7582012121212052
snippy_NZ_CP018109.1,snippy,10,15521.999999999998,0.7525818181818181,0.7686787878787764
snippy_NC_017646.1,snippy,10,16263.0,0.7885090909090909,0.8079612121212036
snippy_CP018206.1,snippy,10,16661.0,0.8078060606060606,0.8263369696969634
snippy_NZ_CP011134.1,snippy,10,16285.0,0.7895757575757576,0.8082375757575619
snippy_NZ_CP008697.1,snippy,10,17380.0,0.8426666666666667,0.8587878787878701
snippy_CP010230.1,snippy,10,15180.0,0.736,0.7486545454545418
snippy_NC_010498.1,snippy,10,16954.0,0.8220121212121212,0.8355442424242335
snippy_NZ_CP015228.1,snippy,10,15971.0,0.7743515151515151,0.7914036363636247
snippy_NZ_CP009859.1,snippy,10,17291.0,0.8383515151515152,0.8551709090908988
snippy_NZ_HG941718.1,snippy,10,15409.0,0.7471030303030303,0.7635830303030163
snippy_CU928163.2,snippy,10,16391.0,0.7947151515151515,0.8108654545454501
snippy_NC_011742.1,snippy,10,15618.0,0.7572363636363636,0.7717866666666539
snippy_CP010171.1,snippy,10,14450.0,0.7006060606060606,0.7135660606060549
snippy_NC_007779.1,snippy,10,14321.0,0.6943515151515152,0.7073357575757523
snippy_NZ_CP016007.1,snippy,10,14007.0,0.6791272727272727,0.6915587878787811
snippy_NZ_CP013483.1,snippy,10,14788.0,0.7169939393939394,0.7324799999999907
snippy_CP010116.1,snippy,10,15928.0,0.7722666666666667,0.7876945454545374
snippy_CP010226.1,snippy,10,14027.999999999998,0.6801454545454545,0.6917236363636314
snippy_CP010170.1,snippy,10,14132.0,0.6851878787878788,0.6951951515151479
samtools_NC_011993.1,samtools,10,14251.0,0.6909575757575758,0.699088484848481
samtools_NC_022648.1,samtools,10,15631.0,0.7578666666666667,0.7667490909090813
samtools_CP010121.1,samtools,10,16188.0,0.7848727272727273,0.7936775757575726
samtools_NZ_LM995446.1,samtools,10,14416.0,0.6989575757575758,0.7065406060606022
samtools_NZ_LT632320.1,samtools,10,15807.0,0.7664,0.772096969696955
samtools_NZ_CP018109.1,samtools,10,15880.0,0.7699393939393939,0.7777890909090814
samtools_NC_017646.1,samtools,10,16762.0,0.8127030303030303,0.818230303030297
samtools_CP018206.1,samtools,10,17115.0,0.8298181818181818,0.8363199999999964
samtools_NZ_CP011134.1,samtools,10,16742.0,0.8117333333333333,0.8180799999999906
samtools_NZ_CP008697.1,samtools,10,17690.0,0.8576969696969697,0.8661284848484772
samtools_CP010230.1,samtools,10,15446.0,0.7488969696969697,0.7551030303030276
samtools_NC_010498.1,samtools,10,17313.0,0.8394181818181818,0.8451199999999927
samtools_NZ_CP015228.1,samtools,10,16380.0,0.7941818181818182,0.80223999999999
samtools_NZ_CP009859.1,samtools,10,17669.0,0.8566787878787879,0.8635830303030205
samtools_NZ_HG941718.1,samtools,10,15821.0,0.7670787878787879,0.7741381818181716
samtools_CU928163.2,samtools,10,16783.0,0.8137212121212121,0.8201939393939348
samtools_NC_011742.1,samtools,10,16068.0,0.7790545454545454,0.7845575757575649
samtools_CP010171.1,samtools,10,14703.999999999998,0.7129212121212121,0.7199660606060567
samtools_NC_007779.1,samtools,10,14544.0,0.7051636363636363,0.7123199999999961
samtools_NZ_CP016007.1,samtools,10,14311.0,0.6938666666666666,0.701658181818177
samtools_NZ_CP013483.1,samtools,10,15063.0,0.7303272727272727,0.7390981818181758
samtools_CP010116.1,samtools,10,16189.0,0.7849212121212121,0.7936048484848421
samtools_CP010226.1,samtools,10,14247.0,0.6907636363636364,0.6969454545454516
samtools_CP010170.1,samtools,10,14354.999999999998,0.696,0.7011199999999974
pandora_illumina_withdenovo_global_genotyping,pandora with denovo,11,16626.0,0.8260135135135135,0.8564415016620551
snippy_NC_011993.1,snippy,11,14505.0,0.7206379173290938,0.7321009177626722
snippy_NC_022648.1,snippy,11,15675.0,0.7787658982511924,0.7938331044948471
snippy_CP010121.1,snippy,11,16302.0,0.8099165341812401,0.8207698005492012
snippy_NZ_LM995446.1,snippy,11,15361.0,0.7631657392686805,0.7750668449197742
snippy_NZ_LT632320.1,snippy,11,15720.0,0.7810015898251192,0.7990948836536846
snippy_NZ_CP018109.1,snippy,11,16153.0,0.8025139109697933,0.8141259575082893
snippy_NC_017646.1,snippy,11,17274.0,0.8582074721780604,0.8717300187888288
snippy_CP018206.1,snippy,11,17163.0,0.8526927662957074,0.8656326781326683
snippy_NZ_CP011134.1,snippy,11,17256.0,0.8573131955484896,0.8719106807341899
snippy_NZ_CP008697.1,snippy,11,18237.0,0.9060512718600954,0.9164890157537041
snippy_CP010230.1,snippy,11,16000.000000000002,0.7949125596184421,0.8074685648214956
snippy_NC_010498.1,snippy,11,17452.0,0.8670508744038156,0.8770008310449304
snippy_NZ_CP015228.1,snippy,11,16753.0,0.8323231319554849,0.8451049645902395
snippy_NZ_CP009859.1,snippy,11,18212.0,0.9048092209856916,0.9154231102760312
snippy_NZ_HG941718.1,snippy,11,15871.0,0.7885035771065183,0.8016828660210785
snippy_CU928163.2,snippy,11,16981.0,0.8436506359300477,0.855005239196403
snippy_NC_011742.1,snippy,11,15742.0,0.7820945945945946,0.7917374259285829
snippy_CP010171.1,snippy,11,15387.0,0.7644574721780604,0.7769321795056982
snippy_NC_007779.1,snippy,11,15528.0,0.7714626391096979,0.7833637447607914
snippy_NZ_CP016007.1,snippy,11,14546.0,0.722674880763116,0.7342643445584514
snippy_NZ_CP013483.1,snippy,11,15808.0,0.7853736089030207,0.7973379462349891
snippy_CP010116.1,snippy,11,16557.0,0.8225854531001591,0.8351098424627739
snippy_CP010226.1,snippy,11,14845.0,0.7375298092209857,0.7501309799103799
snippy_CP010170.1,snippy,11,15354.0,0.7628179650238474,0.7723794984824305
samtools_NC_011993.1,samtools,11,14777.000000000002,0.7341514308426074,0.7401855398178866
samtools_NC_022648.1,samtools,11,16041.0,0.7969495230524642,0.8032275256539799
samtools_CP010121.1,samtools,11,16522.0,0.8208465818759937,0.8263025726260939
samtools_NZ_LM995446.1,samtools,11,15584.0,0.7742448330683624,0.7803241075299807
samtools_NZ_LT632320.1,samtools,11,16219.0,0.8057929252782194,0.8104269041768867
samtools_NZ_CP018109.1,samtools,11,16475.0,0.8185115262321144,0.8229287107963429
samtools_NC_017646.1,samtools,11,17622.0,0.8754968203497615,0.8797920581008707
samtools_CP018206.1,samtools,11,17459.0,0.8673986486486487,0.8726468781615748
samtools_NZ_CP011134.1,samtools,11,17620.0,0.8753974562798092,0.8802662957074568
samtools_NZ_CP008697.1,samtools,11,18513.0,0.9197635135135136,0.9239051886110586
samtools_CP010230.1,samtools,11,16270.0,0.8083267090620032,0.8136562364503467
samtools_NC_010498.1,samtools,11,17794.0,0.8840421303656598,0.8863952522040607
samtools_NZ_CP015228.1,samtools,11,17087.0,0.8489169316375199,0.8538083538083385
samtools_NZ_CP009859.1,samtools,11,18530.0,0.920608108108108,0.9232638387049988
samtools_NZ_HG941718.1,samtools,11,16227.0,0.8061903815580286,0.8111314857638221
samtools_CU928163.2,samtools,11,17245.000000000004,0.8567666931637521,0.8617529628558932
samtools_NC_011742.1,samtools,11,16074.0,0.7985890302066773,0.8016873825697178
samtools_CP010171.1,samtools,11,15655.0,0.7777722575516693,0.7834585922821153
samtools_NC_007779.1,samtools,11,15752.0,0.7825914149443561,0.7886797225032429
samtools_NZ_CP016007.1,samtools,11,14826.999999999998,0.7366355325914149,0.7434239051886039
samtools_NZ_CP013483.1,samtools,11,16082.0,0.7989864864864865,0.804717986703269
samtools_CP010116.1,samtools,11,16797.0,0.8345091414944356,0.8406109986992256
samtools_CP010226.1,samtools,11,15088.999999999998,0.7496522257551669,0.7562554198583541
samtools_CP010170.1,samtools,11,15555.0,0.7728040540540541,0.7784045743604493
pandora_illumina_withdenovo_global_genotyping,pandora with denovo,12,11690.0,0.8102862688015526,0.8478720454702884
snippy_NC_011993.1,snippy,12,8830.0,0.6120468565883413,0.6225480002772581
snippy_NC_022648.1,snippy,12,9659.0,0.6695085603382547,0.6837815669693385
snippy_CP010121.1,snippy,12,11245.0,0.7794413252928537,0.79047387999353
snippy_NZ_LM995446.1,snippy,12,10069.0,0.6979274970541346,0.708896513481667
snippy_NZ_LT632320.1,snippy,12,9497.0,0.6582796146114923,0.6831173032046426
snippy_NZ_CP018109.1,snippy,12,10922.0,0.7570527483191238,0.7693445160694076
snippy_NC_017646.1,snippy,12,12625.0,0.8750953074097179,0.8863415817564264
snippy_CP018206.1,snippy,12,11924.0,0.8265058570735426,0.8402359002795688
snippy_NZ_CP011134.1,snippy,12,12233.0,0.8479240313301448,0.8634158175642871
snippy_NZ_CP008697.1,snippy,12,13183.0,0.9137727871352326,0.9240197777315649
snippy_CP010230.1,snippy,12,10887.0,0.7546267415263048,0.7678253737205699
snippy_NC_010498.1,snippy,12,12394.0,0.8590836625771123,0.8680714401238396
snippy_NZ_CP015228.1,snippy,12,11498.0,0.7969778886809454,0.8084783161202371
snippy_NZ_CP009859.1,snippy,12,13096.999999999998,0.9078117418728772,0.9166435618400656
snippy_NZ_HG941718.1,snippy,12,9772.0,0.6773410965550704,0.6895346687923101
snippy_CU928163.2,snippy,12,11958.0,0.8288625493865669,0.8403225433793103
snippy_NC_011742.1,snippy,12,9849.0,0.6826783114992722,0.6934740417273169
snippy_CP010171.1,snippy,12,10388.0,0.7200388161086851,0.7306554839305944
snippy_NC_007779.1,snippy,12,10318.0,0.7151868025230471,0.7262193572237245
snippy_NZ_CP016007.1,snippy,12,8888.0,0.6160670964164414,0.6269090362976827
snippy_NZ_CP013483.1,snippy,12,10715.0,0.7427046510015942,0.7559321642291066
snippy_CP010116.1,snippy,12,11583.0,0.8028696194635059,0.8170155495483009
snippy_CP010226.1,snippy,12,9881.0,0.6848963748527067,0.6950047364894539
snippy_CP010170.1,snippy,12,10465.000000000004,0.7253760310528872,0.7332490007162498
samtools_NC_011993.1,samtools,12,9050.0,0.6272960421432037,0.6334823594648937
samtools_NC_022648.1,samtools,12,9939.0,0.6889166146808068,0.694721702363623
samtools_CP010121.1,samtools,12,11419.0,0.7915020447771539,0.7976074952057478
samtools_NZ_LM995446.1,samtools,12,10252.0,0.7106120468565883,0.716203414893372
samtools_NZ_LT632320.1,samtools,12,10060.0,0.6973036667359811,0.6996141493958107
samtools_NZ_CP018109.1,samtools,12,11175.0,0.7745893117072157,0.7793026963332657
samtools_NC_017646.1,samtools,12,12839.0,0.8899286060858114,0.893919964880663
samtools_CP018206.1,samtools,12,12158.0,0.8427254453455327,0.8476583258242641
samtools_NZ_CP011134.1,samtools,12,12552.0,0.8700353503846954,0.8739920519396488
samtools_NZ_CP008697.1,samtools,12,13373.999999999998,0.9270118527760448,0.9322393197939022
samtools_CP010230.1,samtools,12,11096.0,0.7691134678034242,0.7752535754719161
samtools_NC_010498.1,samtools,12,12588.0,0.8725306716573092,0.8767530787181457
samtools_NZ_CP015228.1,samtools,12,11768.0,0.8156927982255493,0.818297867424505
samtools_NZ_CP009859.1,samtools,12,13308.0,0.9224370971095862,0.9259374783392234
samtools_NZ_HG941718.1,samtools,12,10056.0,0.6970264088168018,0.7006769714193287
samtools_CU928163.2,samtools,12,12167.999999999998,0.8434185901434809,0.8482532751091699
samtools_NC_011742.1,samtools,12,10128.0,0.7020170513620295,0.7054538943185253
samtools_CP010171.1,samtools,12,10579.0,0.7332778817494975,0.7386959635867936
samtools_NC_007779.1,samtools,12,10496.0,0.7275247799265266,0.7335089300154805
samtools_NZ_CP016007.1,samtools,12,9100.0,0.6307617661329452,0.6385192116633183
samtools_NZ_CP013483.1,samtools,12,10936.0,0.7580231510362515,0.7654513527875978
samtools_CP010116.1,samtools,12,11777.0,0.8163166285437028,0.8234675723758685
samtools_CP010226.1,samtools,12,10042.0,0.6960560060996742,0.7019997227420818
samtools_CP010170.1,samtools,12,10624.0,0.7363970333402647,0.7409371317668263
pandora_illumina_withdenovo_global_genotyping,pandora with denovo,13,13889.0,0.810894441849603,0.8729161427082894
snippy_NC_011993.1,snippy,13,12225.0,0.7137435777673984,0.7198424532030311
snippy_NC_022648.1,snippy,13,12401.0,0.7240191499299393,0.7324354183882431
snippy_CP010121.1,snippy,13,14306.0,0.8352405418028959,0.8428439262745662
snippy_NZ_LM995446.1,snippy,13,13804.0,0.8059318075665577,0.8114288793877749
snippy_NZ_LT632320.1,snippy,13,12363.0,0.7218005604857544,0.7339713649265235
snippy_NZ_CP018109.1,snippy,13,13816.999999999998,0.8066907986921998,0.8139932813566608
snippy_NC_017646.1,snippy,13,15608.0,0.9112564222326016,0.9190169942154984
snippy_CP018206.1,snippy,13,15164.0,0.8853339560952825,0.8944283763877402
snippy_NZ_CP011134.1,snippy,13,15477.999999999998,0.9036665109761792,0.914862752847338
snippy_NZ_CP008697.1,snippy,13,16020.0,0.935310602522186,0.943672978119495
snippy_CP010230.1,snippy,13,14491.0,0.8460415693601121,0.8540626235044723
snippy_NC_010498.1,snippy,13,15440.999999999998,0.901506305464736,0.9077219487658514
snippy_NZ_CP015228.1,snippy,13,14935.0,0.8719640354974311,0.8802365896597545
snippy_NZ_CP009859.1,snippy,13,15995.999999999998,0.9339093881363848,0.9425052994646608
snippy_NZ_HG941718.1,snippy,13,12472.0,0.7281644091546007,0.7358845614917527
snippy_CU928163.2,snippy,13,15037.0,0.8779191966370855,0.8844312506736605
snippy_NC_011742.1,snippy,13,12842.0,0.7497664642690332,0.7560270182876418
snippy_CP010171.1,snippy,13,13984.0,0.8164409154600654,0.8243227463801952
snippy_NC_007779.1,snippy,13,13983.0,0.8163825315273237,0.8217987640570523
snippy_NZ_CP016007.1,snippy,13,12202.0,0.7124007473143391,0.7176957209068364
snippy_NZ_CP013483.1,snippy,13,14092.000000000002,0.8227463801961701,0.8306371932597968
snippy_CP010116.1,snippy,13,14778.0,0.8627977580569827,0.8706212050443709
snippy_CP010226.1,snippy,13,13346.0,0.7791919663708547,0.7861037257931212
snippy_CP010170.1,snippy,13,13804.0,0.8059318075665577,0.8132163259440216
samtools_NC_011993.1,samtools,13,12441.0,0.7263545072396077,0.7276344626881759
samtools_NC_022648.1,samtools,13,12653.0,0.7387319009808501,0.7407079725505692
samtools_CP010121.1,samtools,13,14487.0,0.8458080336291453,0.8484038731002761
samtools_NZ_LM995446.1,samtools,13,13944.0,0.814105558150397,0.8163645672403259
samtools_NZ_LT632320.1,samtools,13,12703.0,0.7416510976179356,0.7432633923759558
samtools_NZ_CP018109.1,samtools,13,14028.0,0.8190098085007006,0.820774799698198
samtools_NC_017646.1,samtools,13,15812.000000000002,0.9231667445119104,0.9247206553371886
samtools_CP018206.1,samtools,13,15357.0,0.8966020551144325,0.8988520820608616
samtools_NZ_CP011134.1,samtools,13,15764.000000000002,0.9203643157403084,0.9220035569288241
samtools_NZ_CP008697.1,samtools,13,16189.0,0.9451774871555348,0.948815255272516
samtools_CP010230.1,samtools,13,14679.0,0.8570177487155535,0.8596225703301831
samtools_NC_010498.1,samtools,13,15621.0,0.9120154133582438,0.9137714224122416
samtools_NZ_CP015228.1,samtools,13,15161.0,0.8851588042970574,0.8866543311895931
samtools_NZ_CP009859.1,samtools,13,16178.0,0.944535263895376,0.9477463801961672
samtools_NZ_HG941718.1,samtools,13,12714.999999999998,0.7423517048108359,0.7442244817303191
samtools_CU928163.2,samtools,13,15225.0,0.8888953759925269,0.8898070635576467
samtools_NC_011742.1,samtools,13,13094.000000000002,0.764479215319944,0.7653415010958199
samtools_CP010171.1,samtools,13,14153.999999999998,0.8263661840261559,0.8302015593001113
samtools_NC_007779.1,samtools,13,14119.0,0.8243227463801962,0.8267389429813526
samtools_NZ_CP016007.1,samtools,13,12399.0,0.7239023820644559,0.7260042036431573
samtools_NZ_CP013483.1,samtools,13,14303.0,0.8350653900046707,0.837548952682067
samtools_CP010116.1,samtools,13,14932.0,0.8717888836992059,0.8744071785290832
samtools_CP010226.1,samtools,13,13508.0,0.7886501634750117,0.791061869004418
samtools_CP010170.1,samtools,13,13969.0,0.8155651564689398,0.8181789602270676
pandora_illumina_withdenovo_global_genotyping,pandora with denovo,14,16671.0,0.8283726708074535,0.8892812777284514
snippy_NC_011993.1,snippy,14,16532.0,0.8214658385093168,0.8266122448979546
snippy_NC_022648.1,snippy,14,16666.0,0.8281242236024845,0.8353043478260818
snippy_CP010121.1,snippy,14,18579.0,0.9231801242236024,0.9287914818101148
snippy_NZ_LM995446.1,snippy,14,17627.0,0.8758757763975156,0.8814019520851799
snippy_NZ_LT632320.1,snippy,14,16671.0,0.8283726708074535,0.8360993788819809
snippy_NZ_CP018109.1,snippy,14,17425.0,0.8658385093167702,0.8724294587400154
snippy_NC_017646.1,snippy,14,18790.0,0.933664596273292,0.9398083407275928
snippy_CP018206.1,snippy,14,19008.000000000004,0.944496894409938,0.9519361135758639
snippy_NZ_CP011134.1,snippy,14,18759.0,0.9321242236024844,0.9395137533274164
snippy_NZ_CP008697.1,snippy,14,19127.0,0.9504099378881988,0.9573522626441878
snippy_CP010230.1,snippy,14,18206.0,0.9046459627329192,0.9111339840283916
snippy_NC_010498.1,snippy,14,18667.0,0.927552795031056,0.9342431233362888
snippy_NZ_CP015228.1,snippy,14,18520.0,0.9202484472049688,0.9265909494232464
snippy_NZ_CP009859.1,snippy,14,18954.0,0.9418136645962732,0.9494161490683228
snippy_NZ_HG941718.1,snippy,14,16737.0,0.8316521739130435,0.8378065661046968
snippy_CU928163.2,snippy,14,18650.000000000004,0.9267080745341616,0.932855368234251
snippy_NC_011742.1,snippy,14,16954.0,0.8424347826086956,0.84811002661934
snippy_CP010171.1,snippy,14,17770.0,0.8829813664596273,0.8880638864241339
snippy_NC_007779.1,snippy,14,17951.0,0.8919751552795031,0.8974871339840262
snippy_NZ_CP016007.1,snippy,14,16601.0,0.8248944099378882,0.8296681455190743
snippy_NZ_CP013483.1,snippy,14,17762.000000000004,0.8825838509316771,0.8886459627329168
snippy_CP010116.1,snippy,14,18648.0,0.9266086956521741,0.9327382431233352
snippy_CP010226.1,snippy,14,17022.0,0.8458136645962733,0.8522803904170341
snippy_CP010170.1,snippy,14,17933.0,0.8910807453416149,0.8970115350487994
samtools_NC_011993.1,samtools,14,16727.0,0.8311552795031056,0.8325998225377085
samtools_NC_022648.1,samtools,14,16878.0,0.8386583850931677,0.8402555456965374
samtools_CP010121.1,samtools,14,18704.0,0.929391304347826,0.9322661934338948
samtools_NZ_LM995446.1,samtools,14,17784.0,0.8836770186335404,0.8860230700976023
samtools_NZ_LT632320.1,samtools,14,16914.0,0.8404472049689441,0.8416362023070073
samtools_NZ_CP018109.1,samtools,14,17628.0,0.8759254658385093,0.8780976042590927
samtools_NC_017646.1,samtools,14,19023.0,0.9452422360248448,0.9452635314995536
samtools_CP018206.1,samtools,14,19183.0,0.9531925465838508,0.955031055900621
samtools_NZ_CP011134.1,samtools,14,18977.0,0.9429565217391304,0.9451109139307876
samtools_NZ_CP008697.1,samtools,14,19324.0,0.9601987577639752,0.9622679680567868
samtools_CP010230.1,samtools,14,18388.0,0.9136894409937888,0.9159609582963608
samtools_NC_010498.1,samtools,14,18863.0,0.9372919254658384,0.9391268855368212
samtools_NZ_CP015228.1,samtools,14,18726.0,0.9304844720496894,0.9323833185448072
samtools_NZ_CP009859.1,samtools,14,19164.0,0.9522484472049688,0.9544525288376208
samtools_NZ_HG941718.1,samtools,14,16929.0,0.8411925465838509,0.8427293700088705
samtools_CU928163.2,samtools,14,18788.0,0.9335652173913044,0.9363975155279494
samtools_NC_011742.1,samtools,14,17160.0,0.8526708074534162,0.8546938775510171
samtools_CP010171.1,samtools,14,17934.0,0.8911304347826087,0.8931393078970699
samtools_NC_007779.1,samtools,14,18105.0,0.8996273291925466,0.9021047027506638
samtools_NZ_CP016007.1,samtools,14,16785.0,0.8340372670807453,0.8359538598047898
samtools_NZ_CP013483.1,samtools,14,17955.0,0.8921739130434783,0.89485714285714
samtools_CP010116.1,samtools,14,18788.0,0.9335652173913044,0.935357586512866
samtools_CP010226.1,samtools,14,17197.0,0.8545093167701864,0.8572351375332729
samtools_CP010170.1,samtools,14,18085.0,0.8986335403726708,0.901487133984026
pandora_illumina_withdenovo_global_genotyping,pandora with denovo,15,26134.0,0.8431954571852617,0.9170463100384776
snippy_NC_011993.1,snippy,15,28898.000000000004,0.9323740078724916,0.9346970381364108
snippy_NC_022648.1,snippy,15,28769.0,0.9282119119829644,0.9303908283323624
snippy_CP010121.1,snippy,15,29803.0,0.9615732077176228,0.9646426190015268
snippy_NZ_LM995446.1,snippy,15,29265.0,0.9442150093566496,0.9483663504764348
snippy_NZ_LT632320.1,snippy,15,28660.0,0.9246951022778602,0.929614333957107
snippy_NZ_CP018109.1,snippy,15,28835.0,0.9303413563915596,0.9338538641887656
snippy_NC_017646.1,snippy,15,30193.0,0.9741562883138672,0.9769310189068828
snippy_CP018206.1,snippy,15,30362.0,0.9796089565722398,0.9827256888429996
snippy_NZ_CP011134.1,snippy,15,30159.0,0.9730593018003484,0.977010604202962
snippy_NZ_CP008697.1,snippy,15,30171.0,0.973446473511002,0.9762405626895504
snippy_CP010230.1,snippy,15,29801.0,0.9615086790991804,0.9650620550214
snippy_NC_010498.1,snippy,15,29856.0,0.9632832161063432,0.9658622098900844
snippy_NZ_CP015228.1,snippy,15,29823.0,0.9622184939020456,0.9661461358112304
snippy_NZ_CP009859.1,snippy,15,30030.0,0.9688972059108214,0.9716740874577854
snippy_NZ_HG941718.1,snippy,15,28775.0,0.9284054978382912,0.93048331935213
snippy_CU928163.2,snippy,15,30081.0,0.9705426856810996,0.9728979802542396
snippy_NC_011742.1,snippy,15,29180.0,0.9414725430728528,0.9433804392247952
snippy_CP010171.1,snippy,15,29367.0,0.9475059688972058,0.9516551590630424
snippy_NC_007779.1,snippy,15,29516.0,0.9523133509711555,0.9563937106106544
snippy_NZ_CP016007.1,snippy,15,28973.0,0.9347938310640768,0.9375470521176108
snippy_NZ_CP013483.1,snippy,15,29335.0,0.9464735110021294,0.9503430771547168
snippy_CP010116.1,snippy,15,29395.0,0.9484093695553978,0.9513131573852974
snippy_CP010226.1,snippy,15,28639.000000000004,0.9240175517842164,0.9279129293841798
snippy_CP010170.1,snippy,15,29691.000000000004,0.9579596050848552,0.9613839237701896
samtools_NC_011993.1,samtools,15,29064.0,0.9377298832032006,0.9383665655718302
samtools_NC_022648.1,samtools,15,28949.000000000004,0.9340194876427697,0.9341549977414976
samtools_CP010121.1,samtools,15,29942.0,0.9660579466993612,0.9673743305155822
samtools_NZ_LM995446.1,samtools,15,29391.0,0.9482803123185132,0.9505259082403033
samtools_NZ_LT632320.1,samtools,15,28937.0,0.933632315932116,0.9339442042545868
samtools_NZ_CP018109.1,samtools,15,28994.0,0.9354713815577208,0.9367167838936554
samtools_NC_017646.1,samtools,15,30353.0,0.9793185777892496,0.9794218235787564
samtools_CP018206.1,samtools,15,30481.0,0.9834484093695554,0.9844399991396159
samtools_NZ_CP011134.1,samtools,15,30321.0,0.978286119894173,0.9797251080854346
samtools_NZ_CP008697.1,samtools,15,30310.0,0.9779312124927404,0.9787743864403848
samtools_CP010230.1,samtools,15,29926.00000000001,0.9655417177518232,0.9670086683444094
samtools_NC_010498.1,samtools,15,30016.000000000004,0.9684455055817256,0.9694327934438912
samtools_NZ_CP015228.1,samtools,15,29965.0,0.9668000258114474,0.968273429265878
samtools_NZ_CP009859.1,samtools,15,30180.0,0.9737368522939924,0.9744079499257908
samtools_NZ_HG941718.1,samtools,15,28954.0,0.9341808091888752,0.9342926587941748
samtools_CU928163.2,samtools,15,30216.0,0.9748983674259534,0.9751607838076176
samtools_NC_011742.1,samtools,15,29344.0,0.9467638897851196,0.9475791013314387
samtools_CP010171.1,samtools,15,29517.0,0.9523456152803768,0.9541674732743964
samtools_NC_007779.1,samtools,15,29641.0,0.956346389623798,0.9585919855455882
samtools_NZ_CP016007.1,samtools,15,29150.0,0.9405046137962186,0.9415456755070866
samtools_NZ_CP013483.1,samtools,15,29501.0,0.9518293863328386,0.9534963756425968
samtools_CP010116.1,samtools,15,29511.0,0.95215202942505,0.9529672409713684
samtools_CP010226.1,samtools,15,28806.0,0.9294056914241466,0.9310038502075658
samtools_CP010170.1,samtools,15,29834.0,0.962573401303478,0.9637607278828147
pandora_illumina_withdenovo_global_genotyping,pandora with denovo,16,30558.0,0.8856107810462251,0.9123623387914797
snippy_NC_011993.1,snippy,16,33634.0,0.9747572815533979,0.9758187219243588
snippy_NC_022648.1,snippy,16,33434.999999999985,0.9689900014490652,0.9701945370236198
snippy_CP010121.1,snippy,16,33782.999999999985,0.9790754963048832,0.979979350818722
snippy_NZ_LM995446.1,snippy,16,33028.0,0.9571946094768874,0.9592432256194754
snippy_NZ_LT632320.1,snippy,16,33299.999999999985,0.9650775249963772,0.9691385306477324
snippy_NZ_CP018109.1,snippy,16,32295.000000000004,0.9359513114041444,0.9381031734531228
snippy_NC_017646.1,snippy,16,33955.0,0.9840602811186784,0.9855962903926968
snippy_CP018206.1,snippy,16,34030.0,0.9862338791479496,0.9882354006665699
snippy_NZ_CP011134.1,snippy,16,33990.0,0.9850746268656716,0.9875199246486016
snippy_NZ_CP008697.1,snippy,16,33903.0,0.9825532531517172,0.9838266193305318
snippy_CP010230.1,snippy,16,33709.999999999985,0.976959860889726,0.9782766990291262
snippy_NC_010498.1,snippy,16,33904.0,0.982582234458774,0.9838211853354586
snippy_NZ_CP015228.1,snippy,16,33715.0,0.9771047674250108,0.9791189682654688
snippy_NZ_CP009859.1,snippy,16,33634.999999999985,0.9747862628604548,0.975766193305318
snippy_NZ_HG941718.1,snippy,16,33428.000000000015,0.9687871322996668,0.9699463845819446
snippy_CU928163.2,snippy,16,33957.0,0.9841182437327924,0.985301043327054
snippy_NC_011742.1,snippy,16,33681.0,0.9761194029850746,0.9776065063034344
snippy_CP010171.1,snippy,16,33317.000000000015,0.9655702072163456,0.9679901463556008
snippy_NC_007779.1,snippy,16,33483.0,0.9703811041877988,0.9724188523402404
snippy_NZ_CP016007.1,snippy,16,33700.000000000015,0.9766700478191568,0.9775467323576292
snippy_NZ_CP013483.1,snippy,16,33118.0,0.9598029271120128,0.961735618026373
snippy_CP010116.1,snippy,16,33043.999999999985,0.9576583103897984,0.9591943196638169
snippy_CP010226.1,snippy,16,32635.0,0.9458049558035068,0.9484386320823068
snippy_CP010170.1,snippy,16,33624.0,0.9744674684828286,0.976717142443124
samtools_NC_011993.1,samtools,16,33754.0,0.9782350384002318,0.978177075786118
samtools_NC_022648.1,samtools,16,33566.0,0.9727865526735257,0.9724731922909724
samtools_CP010121.1,samtools,16,33869.0,0.9815678887117808,0.9814736994638458
samtools_NZ_LM995446.1,samtools,16,33144.0,0.9605564410954934,0.9609168961020144
samtools_NZ_LT632320.1,samtools,16,33551.0,0.9723518330676714,0.9718917548181424
samtools_NZ_CP018109.1,samtools,16,32416.0,0.939458049558035,0.9402496015070279
samtools_NC_017646.1,samtools,16,34081.0,0.987711925807854,0.9877300391247644
samtools_CP018206.1,samtools,16,34130.999999999985,0.9891609911607012,0.9894725402115636
samtools_NZ_CP011134.1,samtools,16,34103.0,0.9883495145631068,0.9890885378930592
samtools_NZ_CP008697.1,samtools,16,34003.0,0.985451383857412,0.9857611215765832
samtools_CP010230.1,samtools,16,33797.0,0.9794812346036806,0.9801894652948848
samtools_NC_010498.1,samtools,16,34039.0,0.986494710911462,0.9864095783219824
samtools_NZ_CP015228.1,samtools,16,33843.0,0.9808143747283002,0.981267207651065
samtools_NZ_CP009859.1,samtools,16,33749.0,0.9780901318649472,0.9781100565135488
samtools_NZ_HG941718.1,samtools,16,33554.0,0.9724387769888422,0.9721960585422402
samtools_CU928163.2,samtools,16,34049.0,0.9867845239820316,0.9867012027242428
samtools_NC_011742.1,samtools,16,33809.999999999985,0.9798579915954208,0.979952180843356
samtools_CP010171.1,samtools,16,33452.0,0.9694826836690336,0.9698521953340096
samtools_NC_007779.1,samtools,16,33599.0,0.9737429358064048,0.9740671641791044
samtools_NZ_CP016007.1,samtools,16,33814.0,0.9799739168236488,0.9799105202144616
samtools_NZ_CP013483.1,samtools,16,33251.0,0.9636574409505868,0.964119330531807
samtools_CP010116.1,samtools,16,33126.000000000015,0.9600347775684684,0.9604079118968264
samtools_CP010226.1,samtools,16,32770.0,0.9497174322561948,0.9502246051296912
samtools_CP010170.1,samtools,16,33735.0,0.9776843935661498,0.9783835675988988
pandora_illumina_withdenovo_global_genotyping,pandora with denovo,17,47598.00000000001,0.9086709174907412,0.9169157793313464
snippy_NC_011993.1,snippy,17,51868.0,0.9901874689778932,0.990019023148938
snippy_NC_022648.1,snippy,17,51722.0,0.98740025199496,0.9875978951009108
snippy_CP010121.1,snippy,17,51606.00000000001,0.985185750830438,0.9865726214887348
snippy_NZ_LM995446.1,snippy,17,51108.0,0.975678668244817,0.9760009612641865
snippy_NZ_LT632320.1,snippy,17,51489.0,0.9829521591386354,0.9860156272810244
snippy_NZ_CP018109.1,snippy,17,51242.0,0.9782367989003856,0.9788521876621176
snippy_NC_017646.1,snippy,17,51786.0,0.9886220457409034,0.9895586045498228
snippy_CP018206.1,snippy,17,51879.0,0.9903974647779772,0.9920763082064435
snippy_NZ_CP011134.1,snippy,17,51948.00000000001,0.9917147111603224,0.991912354266272
snippy_NZ_CP008697.1,snippy,17,51884.0,0.990492917414379,0.9910240832616396
snippy_CP010230.1,snippy,17,51573.0,0.984555763430186,0.985131848165164
snippy_NC_010498.1,snippy,17,51799.99999999999,0.9888893131228284,0.989574326160524
snippy_NZ_CP015228.1,snippy,17,51445.00000000001,0.9821121759382996,0.9829296996947642
snippy_NZ_CP009859.1,snippy,17,51403.99999999999,0.9813294643198044,0.9818954423050464
snippy_NZ_HG941718.1,snippy,17,51720.0,0.9873620709403994,0.9875473613522274
snippy_CU928163.2,snippy,17,51828.0,0.9894238478866786,0.99075569290752
snippy_NC_011742.1,snippy,17,51885.99999999999,0.9905310984689396,0.9905052701084904
snippy_CP010171.1,snippy,17,51238.99999999999,0.9781795273185444,0.9792070468750934
snippy_NC_007779.1,snippy,17,51660.0,0.9862166393035776,0.9864861526298772
snippy_NZ_CP016007.1,snippy,17,51869.0,0.9902065595051736,0.9899785961499902
snippy_NZ_CP013483.1,snippy,17,51708.0,0.987132984613035,0.9875305167693326
snippy_CP010116.1,snippy,17,50384.99999999999,0.961876217021114,0.9631474215435376
snippy_CP010226.1,snippy,17,50579.99999999999,0.9655988698407848,0.9665197070390028
snippy_CP010170.1,snippy,17,51774.0,0.988392959413539,0.9887815077922919
samtools_NC_011993.1,samtools,17,51998.0,0.9926692375243404,0.9918618205175934
samtools_NC_022648.1,samtools,17,51870.00000000002,0.990225650032454,0.9894552911080734
samtools_CP010121.1,samtools,17,51735.0,0.9876484288496048,0.9880695434219576
samtools_NZ_LM995446.1,samtools,17,51214.00000000001,0.9777022641365356,0.9776000736669692
samtools_NZ_LT632320.1,samtools,17,51850.0,0.9898438394868466,0.9888253037078208
samtools_NZ_CP018109.1,samtools,17,51360.99999999999,0.9805085716467488,0.9804658987034086
samtools_NC_017646.1,samtools,17,51930.99999999999,0.991390172196556,0.9913665897804964
samtools_CP018206.1,samtools,17,52035.00000000002,0.993375587033714,0.993417137004846
samtools_NZ_CP011134.1,samtools,17,52056.00000000001,0.9937764881066016,0.9934890072251956
samtools_NZ_CP008697.1,samtools,17,51974.0,0.9922110648696116,0.992500791695389
samtools_CP010230.1,samtools,17,51699.99999999999,0.986980260394792,0.9867713875668944
samtools_NC_010498.1,samtools,17,51958.00000000001,0.991905616433126,0.9917461543817172
samtools_NZ_CP015228.1,samtools,17,51592.0,0.9849184834485128,0.9847511605917548
samtools_NZ_CP009859.1,samtools,17,51533.99999999999,0.9838112328662516,0.9838864720031728
samtools_NZ_HG941718.1,samtools,17,51863.0,0.9900920163414914,0.9893822979155308
samtools_CU928163.2,samtools,17,51957.0,0.9918865259058456,0.9921077514278508
samtools_NC_011742.1,samtools,17,52019.0,0.993070138597228,0.9922481229519722
samtools_CP010171.1,samtools,17,51380.99999999999,0.980890382192356,0.980902734886472
samtools_NC_007779.1,samtools,17,51764.99999999999,0.9882211446680156,0.9880684204497656
samtools_NZ_CP016007.1,samtools,17,52003.0,0.9927646901607422,0.9918752961839088
samtools_NZ_CP013483.1,samtools,17,51812.0,0.9891183994501928,0.9890274387025572
samtools_CP010116.1,samtools,17,50498.0,0.9640334466037952,0.9641951545995742
samtools_CP010226.1,samtools,17,50689.0,0.9676797373143446,0.9678313385603892
samtools_CP010170.1,samtools,17,51880.00000000001,0.9904165553052576,0.9903244715854288
pandora_illumina_withdenovo_global_genotyping,pandora with denovo,18,56473.99999999999,0.9201616319614168,0.9199389535200332
snippy_NC_011993.1,snippy,18,60962.0,0.99328705966696,0.9929204549157716
snippy_NC_022648.1,snippy,18,60761.00000000001,0.9900120572229284,0.989961366195614
snippy_CP010121.1,snippy,18,60952.99999999999,0.9931404177664808,0.9939442326283754
snippy_NZ_LM995446.1,snippy,18,60260.99999999999,0.9818652849740932,0.9833244624035624
snippy_NZ_LT632320.1,snippy,18,60511.99999999999,0.9859549646430084,0.9883582624564236
snippy_NZ_CP018109.1,snippy,18,60766.0,0.9900935249454166,0.9915517971779684
snippy_NC_017646.1,snippy,18,60914.0,0.9925049695310718,0.9933468026634622
snippy_CP018206.1,snippy,18,60986.0,0.993678104734904,0.9947761085946728
snippy_NZ_CP011134.1,snippy,18,60850.0,0.991462182683221,0.9927294583663836
snippy_NZ_CP008697.1,snippy,18,60921.0,0.9926190243425554,0.993199255566068
snippy_CP010230.1,snippy,18,60704.00000000001,0.9890833251865612,0.9900383079335175
snippy_NC_010498.1,snippy,18,60935.99999999999,0.9928634275100204,0.9931648580832392
snippy_NZ_CP015228.1,snippy,18,60510.00000000001,0.9859223775540132,0.9869914151124533
snippy_NZ_CP009859.1,snippy,18,60291.0,0.9823540913090234,0.9831099307343444
snippy_NZ_HG941718.1,snippy,18,60762.0,0.990028350767426,0.9899405466665334
snippy_CU928163.2,snippy,18,60988.0,0.9937106918238994,0.9945932588175324
snippy_NC_011742.1,snippy,18,60956.00000000002,0.9931892983999742,0.9928887730236942
snippy_CP010171.1,snippy,18,60295.99999999999,0.9824355590315116,0.9841047421456172
snippy_NC_007779.1,snippy,18,60851.0,0.9914784762277186,0.9929295068849392
snippy_NZ_CP016007.1,snippy,18,60946.99999999999,0.9930426564994947,0.9926697153698928
snippy_NZ_CP013483.1,snippy,18,60714.0,0.9892462606315378,0.9906692301843448
snippy_CP010116.1,snippy,18,59077.0,0.962573728288852,0.9639921718570736
snippy_CP010226.1,snippy,18,59714.0,0.9729527161338678,0.9740959798394644
snippy_CP010170.1,snippy,18,60911.0,0.9924560888975787,0.9939578105821246
samtools_NC_011993.1,samtools,18,61134.99999999999,0.9961058428650568,0.994989735066972
samtools_NC_022648.1,samtools,18,60929.0,0.9927493726985368,0.9918514173573381
samtools_CP010121.1,samtools,18,61100.0,0.9955355688076384,0.9950585300326308
samtools_NZ_LM995446.1,samtools,18,60429.0,0.9846026004497018,0.9843998363404036
samtools_NZ_LT632320.1,samtools,18,60921.0,0.9926190243425554,0.9913037732228356
samtools_NZ_CP018109.1,samtools,18,60942.0,0.9929611887770066,0.9927357947447948
samtools_NC_017646.1,samtools,18,61120.0,0.9958614396975918,0.9948729646647392
samtools_CP018206.1,samtools,18,61137.0,0.9961384299540522,0.9958686812729314
samtools_NZ_CP011134.1,samtools,18,61011.0,0.9940854433473458,0.9939044039640448
samtools_NZ_CP008697.1,samtools,18,61066.0,0.9949815882947176,0.994510885898126
samtools_CP010230.1,samtools,18,60847.00000000001,0.991413302049728,0.9913037732228334
samtools_NC_010498.1,samtools,18,61145.0,0.9962687783100336,0.9952115083115244
samtools_NZ_CP015228.1,samtools,18,60686.00000000002,0.9887900413856032,0.9884723172679044
samtools_NZ_CP009859.1,samtools,18,60477.0,0.98538469058559,0.9847438111686888
samtools_NZ_HG941718.1,samtools,18,60927.00000000001,0.9927167856095416,0.9918170198745097
samtools_CU928163.2,samtools,18,61140.0,0.9961873105875452,0.9957917395350258
samtools_NC_011742.1,samtools,18,61121.00000000001,0.9958777332420896,0.994753478671756
samtools_CP010171.1,samtools,18,60483.0,0.985482451852576,0.985400984130094
samtools_NC_007779.1,samtools,18,61020.99999999999,0.9942483787923224,0.9940139327909456
samtools_NZ_CP016007.1,samtools,18,61125.0,0.9959429074200802,0.9948639126955738
samtools_NZ_CP013483.1,samtools,18,60878.99999999999,0.9919346954736532,0.9918016315269284
samtools_CP010116.1,samtools,18,59220.00000000001,0.9649037051520188,0.9648149958542048
samtools_CP010226.1,samtools,18,59849.0,0.9751523446410532,0.9751478186564774
samtools_CP010170.1,samtools,18,61077.0,0.995160817284192,0.9951753004348632
pandora_illumina_withdenovo_global_genotyping,pandora with denovo,19,66708.0,0.9195649476862,0.9244353802500862
snippy_NC_011993.1,snippy,19,72260.0,0.9960988655004618,0.9949518144229612
snippy_NC_022648.1,snippy,19,72318.0,0.9968983912989536,0.9957767335090638
snippy_CP010121.1,snippy,19,72264.0,0.9961540052107026,0.9967634441133724
snippy_NZ_LM995446.1,snippy,19,71993.0,0.9924182898418868,0.9931634014526504
snippy_NZ_LT632320.1,snippy,19,72010.0,0.9926526336104105,0.9940253221864142
snippy_NZ_CP018109.1,snippy,19,72250.0,0.9959610162248598,0.9966676751429548
snippy_NC_017646.1,snippy,19,72194.0,0.9951890602814882,0.9956446884134872
snippy_CP018206.1,snippy,19,72249.0,0.9959472312972996,0.9969644138467504
snippy_NZ_CP011134.1,snippy,19,72122.0,0.9941965454971534,0.99496995248554
snippy_NZ_CP008697.1,snippy,19,72229.0,0.9956715327460954,0.996360053601612
snippy_CP010230.1,snippy,19,72011.0,0.9926664185379706,0.9933230164033476
snippy_NC_010498.1,snippy,19,72262.0,0.9961264353555822,0.9960959634104584
snippy_NZ_CP015228.1,snippy,19,71821.00000000001,0.9900472823015316,0.9907169395719652
snippy_NZ_CP009859.1,snippy,19,72124.0,0.9942241153522738,0.9948466136600024
snippy_NZ_HG941718.1,snippy,19,72318.0,0.9968983912989536,0.99577818455407
snippy_CU928163.2,snippy,19,72267.0,0.9961953599933832,0.9969491778741838
snippy_NC_011742.1,snippy,19,72295.00000000001,0.9965813379650692,0.9954096191224612
snippy_CP010171.1,snippy,19,72078.0,0.9935900086845044,0.994557855703741
snippy_NC_007779.1,snippy,19,72218.99999999999,0.9955336834704932,0.996253401793646
snippy_NZ_CP016007.1,snippy,19,72295.00000000001,0.9965813379650692,0.9953508517997036
snippy_NZ_CP013483.1,snippy,19,72038.0,0.9930386115820962,0.993853373353164
snippy_CP010116.1,snippy,19,70518.99999999999,0.9720993066181436,0.9730548197548252
snippy_CP010226.1,snippy,19,71499.0,0.9856085356271452,0.9865045559185674
snippy_CP010170.1,snippy,19,72253.0,0.9960023710075404,0.9968700959213392
samtools_NC_011993.1,samtools,19,72341.0,0.9972154446328384,0.9962062428309358
samtools_NC_022648.1,samtools,19,72378.0,0.9977254869525659,0.9968722724888448
samtools_CP010121.1,samtools,19,72348.0,0.99731193912576,0.9973765106285464
samtools_NZ_LM995446.1,samtools,19,72081.00000000001,0.9936313634671852,0.9936770713848888
samtools_NZ_LT632320.1,samtools,19,72373.00000000001,0.9976565623147652,0.9963912510692468
samtools_NZ_CP018109.1,samtools,19,72335.0,0.9971327350674772,0.9971610304451058
samtools_NC_017646.1,samtools,19,72336.00000000001,0.9971465199950376,0.9965646509475006
samtools_CP018206.1,samtools,19,72379.0,0.9977392718801262,0.9974722795989648
samtools_NZ_CP011134.1,samtools,19,72216.0,0.9954923286878128,0.9954596801751744
samtools_NZ_CP008697.1,samtools,19,72323.0,0.9969673159367548,0.9968867829389082
samtools_CP010230.1,samtools,19,72101.99999999999,0.9939208469459492,0.9939716335211758
samtools_NC_010498.1,samtools,19,72392.00000000001,0.9979184759384092,0.9972190722453592
samtools_NZ_CP015228.1,samtools,19,71934.0,0.9916049791158348,0.9915541925406176
samtools_NZ_CP009859.1,samtools,19,72245.99999999999,0.9959058765146188,0.9956098633333308
samtools_NZ_HG941718.1,samtools,19,72378.0,0.9977254869525659,0.9968722724888448
samtools_CU928163.2,samtools,19,72368.0,0.9975876376769641,0.9974795348239966
samtools_NC_011742.1,samtools,19,72358.0,0.997449788401362,0.996510962282266
samtools_CP010171.1,samtools,19,72194.0,0.9951890602814882,0.9952550828292815
samtools_NC_007779.1,samtools,19,72307.0,0.9967467570957914,0.9967736014284132
samtools_NZ_CP016007.1,samtools,19,72379.0,0.9977392718801262,0.9967714248609044
samtools_NZ_CP013483.1,samtools,19,72127.0,0.9942654701349544,0.994355434925352
samtools_CP010116.1,samtools,19,70637.99999999999,0.973739712997808,0.9734770738516656
samtools_CP010226.1,samtools,19,71596.0,0.9869456736004852,0.9871248776587724
samtools_CP010170.1,samtools,19,72358.0,0.997449788401362,0.9974911431840472
pandora_illumina_withdenovo_global_genotyping,pandora with denovo,20,8749.0,0.8615460364352535,0.9336287543082092
snippy_NC_011993.1,snippy,20,10123.0,0.996848842934515,0.9969670113244712
snippy_NC_022648.1,snippy,20,10123.0,0.996848842934515,0.9966617429837528
snippy_CP010121.1,snippy,20,10117.0,0.9962580009847366,0.9961004431314624
snippy_NZ_LM995446.1,snippy,20,10047.0,0.9893648449039882,0.9905612998522906
snippy_NZ_LT632320.1,snippy,20,10089.0,0.9935007385524371,0.9961398325947812
snippy_NZ_CP018109.1,snippy,20,10118.0,0.996356474643033,0.9971639586410644
snippy_NC_017646.1,snippy,20,10112.0,0.9957656326932546,0.9960068931560816
snippy_CP018206.1,snippy,20,10115.0,0.9960610536681438,0.9971738060068942
snippy_NZ_CP011134.1,snippy,20,10091.0,0.99369768586903,0.9945593303791244
snippy_NZ_CP008697.1,snippy,20,10120.0,0.9965534219596258,0.997213195470212
snippy_CP010230.1,snippy,20,10073.0,0.9919251600196948,0.9926341703594296
snippy_NC_010498.1,snippy,20,10092.0,0.9937961595273264,0.9950960118168384
snippy_NZ_CP015228.1,snippy,20,10057.000000000002,0.9903495814869524,0.991073362875432
snippy_NZ_CP009859.1,snippy,20,10104.0,0.9949778434268832,0.9964057114721816
snippy_NZ_HG941718.1,snippy,20,10123.0,0.996848842934515,0.9966518956179228
snippy_CU928163.2,snippy,20,10124.0,0.9969473165928114,0.9972870507139352
snippy_NC_011742.1,snippy,20,10123.0,0.996848842934515,0.9959773510585918
snippy_CP010171.1,snippy,20,10108.000000000002,0.9953717380600692,0.9965140324963084
snippy_NC_007779.1,snippy,20,10088.0,0.9934022648941409,0.9945544066962098
snippy_NZ_CP016007.1,snippy,20,10119.0,0.9964549483013294,0.9970556376169384
snippy_NZ_CP013483.1,snippy,20,10105.0,0.9950763170851796,0.995662235352044
snippy_CP010116.1,snippy,20,9846.000000000002,0.9695716395864108,0.9705416051206311
snippy_CP010226.1,snippy,20,9993.0,0.9840472673559822,0.9851846381093068
snippy_CP010170.1,snippy,20,10111.0,0.9956671590349582,0.9972624322993612
samtools_NC_011993.1,samtools,20,10136.000000000002,0.9981290004923684,0.9977301821762686
samtools_NC_022648.1,samtools,20,10140.000000000002,0.998522895125554,0.9975824716888236
samtools_CP010121.1,samtools,20,10136.000000000002,0.9981290004923684,0.9977154111275236
samtools_NZ_LM995446.1,samtools,20,10068.0,0.9914327917282127,0.9913047759724278
samtools_NZ_LT632320.1,samtools,20,10136.000000000002,0.9981290004923684,0.9974839980305268
samtools_NZ_CP018109.1,samtools,20,10140.000000000002,0.998522895125554,0.9979862136878396
samtools_NC_017646.1,samtools,20,10128.000000000002,0.9973412112259972,0.9969374692269825
samtools_CP018206.1,samtools,20,10136.000000000002,0.9981290004923684,0.9979172821270318
samtools_NZ_CP011134.1,samtools,20,10110.0,0.9955686853766618,0.9952683407188582
samtools_NZ_CP008697.1,samtools,20,10138.000000000002,0.9983259478089612,0.9977794190054164
samtools_CP010230.1,samtools,20,10092.0,0.9937961595273264,0.9933431806991636
samtools_NC_010498.1,samtools,20,10136.000000000002,0.9981290004923684,0.9977006400787786
samtools_NZ_CP015228.1,samtools,20,10076.0,0.9922205809945841,0.9919448547513549
samtools_NZ_CP009859.1,samtools,20,10136.000000000002,0.9981290004923684,0.9977301821762684
samtools_NZ_HG941718.1,samtools,20,10140.000000000002,0.998522895125554,0.9975824716888236
samtools_CU928163.2,samtools,20,10139.000000000002,0.9984244214672576,0.997917282127032
samtools_NC_011742.1,samtools,20,10136.000000000002,0.9981290004923684,0.9975726243229938
samtools_CP010171.1,samtools,20,10128.000000000002,0.9973412112259972,0.9972870507139348
samtools_NC_007779.1,samtools,20,10108.000000000002,0.9953717380600692,0.9953077301821768
samtools_NZ_CP016007.1,samtools,20,10137.000000000002,0.9982274741506648,0.9979369768586912
samtools_NZ_CP013483.1,samtools,20,10123.0,0.996848842934515,0.9964697193500744
samtools_CP010116.1,samtools,20,9865.0,0.9714426390940424,0.971250615460365
samtools_CP010226.1,samtools,20,10013.0,0.9860167405219104,0.9858099458394888
samtools_CP010170.1,samtools,20,10134.000000000002,0.9979320531757756,0.9979369768586912
